InvoiceNo,InvoiceDate,Total,CustomerId,Products
251,2025-01-29T08:41:29.849Z,0,1,ALL
106,2025-01-29T08:41:29.850Z,0,1,ALL
681,2025-01-29T08:41:29.850Z,0,1,ALL
285,2025-01-29T08:41:29.850Z,0,1,ALL
120,2025-01-29T08:41:29.850Z,0,1,ALL
866,2025-01-29T08:41:29.850Z,0,1,ALL
887,2025-01-29T08:41:29.850Z,0,1,ALL
264,2025-01-29T08:41:29.850Z,0,1,ALL
802,2025-01-29T08:41:29.850Z,0,1,ALL
664,2025-01-29T08:41:29.850Z,0,1,ALL
601,2025-01-29T08:41:29.850Z,0,1,ALL
647,2025-01-29T08:41:29.850Z,0,1,ALL
497,2025-01-29T08:41:29.850Z,0,1,ALL
452,2025-01-29T08:41:29.850Z,0,1,ALL
496,2025-01-29T08:41:29.850Z,0,1,ALL
455,2025-01-29T08:41:29.850Z,0,1,ALL
630,2025-01-29T08:41:29.850Z,0,1,ALL
209,2025-01-29T08:41:29.850Z,0,1,ALL
665,2025-01-29T08:41:29.850Z,0,1,ALL
276,2025-01-29T08:41:29.850Z,0,1,ALL
606,2025-01-29T08:41:29.850Z,0,1,ALL
577,2025-01-29T08:41:29.850Z,0,1,ALL
850,2025-01-29T08:41:29.850Z,0,1,ALL
801,2025-01-29T08:41:29.850Z,0,1,ALL
599,2025-01-29T08:41:29.850Z,0,1,ALL
550,2025-01-29T08:41:29.850Z,0,1,ALL
856,2025-01-29T08:41:29.850Z,0,1,ALL
807,2025-01-29T08:41:29.850Z,0,1,ALL
756,2025-01-29T08:41:29.850Z,0,1,ALL
872,2025-01-29T08:41:29.850Z,0,1,ALL
151,2025-01-29T08:41:29.850Z,0,1,ALL
384,2025-01-29T08:41:29.850Z,0,1,ALL
921,2025-01-29T08:41:29.850Z,0,1,ALL
253,2025-01-29T08:41:29.850Z,0,1,ALL
700,2025-01-29T08:41:29.850Z,0,1,ALL
399,2025-01-29T08:41:29.850Z,0,1,ALL
119,2025-01-29T08:41:29.850Z,0,1,ALL
852,2025-01-29T08:41:29.850Z,0,1,ALL
270,2025-01-29T08:41:29.850Z,0,1,ALL
437,2025-01-29T08:41:29.850Z,0,1,ALL
620,2025-01-29T08:41:29.850Z,0,1,ALL
518,2025-01-29T08:41:29.850Z,0,1,ALL
549,2025-01-29T08:41:29.850Z,0,1,ALL
268,2025-01-29T08:41:29.850Z,0,1,ALL
310,2025-01-29T08:41:29.850Z,0,1,ALL
214,2025-01-29T08:41:29.850Z,0,1,ALL
397,2025-01-29T08:41:29.850Z,0,1,ALL
836,2025-01-29T08:41:29.850Z,0,1,ALL
101,2025-01-29T08:41:29.850Z,0,1,ALL
339,2025-01-29T08:41:29.850Z,0,1,ALL
20,2025-01-29T08:41:29.850Z,0,1,ALL
486,2025-01-29T08:41:29.850Z,0,1,ALL
330,2025-01-29T08:41:29.850Z,0,1,ALL
847,2025-01-29T08:41:29.850Z,0,1,ALL
82,2025-01-29T08:41:29.850Z,0,1,ALL
25,2025-01-29T08:41:29.850Z,0,1,ALL
359,2025-01-29T08:41:29.850Z,0,1,ALL
213,2025-01-29T08:41:29.850Z,0,1,ALL
26,2025-01-29T08:41:29.850Z,0,1,ALL
137,2025-01-29T08:41:29.850Z,0,1,ALL
957,2025-01-29T08:41:29.850Z,0,1,ALL
745,2025-01-29T08:41:29.850Z,0,1,ALL
996,2025-01-29T08:41:29.850Z,0,1,ALL
265,2025-01-29T08:41:29.850Z,0,1,ALL
405,2025-01-29T08:41:29.850Z,0,1,ALL
379,2025-01-29T08:41:29.850Z,0,1,ALL
292,2025-01-29T08:41:29.850Z,0,1,ALL
168,2025-01-29T08:41:29.850Z,0,1,ALL
136,2025-01-29T08:41:29.850Z,0,1,ALL
910,2025-01-29T08:41:29.850Z,0,1,ALL
218,2025-01-29T08:41:29.850Z,0,1,ALL
196,2025-01-29T08:41:29.850Z,0,1,ALL
373,2025-01-29T08:41:29.850Z,0,1,ALL
238,2025-01-29T08:41:29.850Z,0,1,ALL
27,2025-01-29T08:41:29.850Z,0,1,ALL
969,2025-01-29T08:41:29.850Z,0,1,ALL
230,2025-01-29T08:41:29.850Z,0,1,ALL
883,2025-01-29T08:41:29.850Z,0,1,ALL
785,2025-01-29T08:41:29.850Z,0,1,ALL
414,2025-01-29T08:41:29.850Z,0,1,ALL
765,2025-01-29T08:41:29.850Z,0,1,ALL
667,2025-01-29T08:41:29.850Z,0,1,ALL
449,2025-01-29T08:41:29.850Z,0,1,ALL
942,2025-01-29T08:41:29.850Z,0,1,ALL
899,2025-01-29T08:41:29.850Z,0,1,ALL
786,2025-01-29T08:41:29.850Z,0,1,ALL
149,2025-01-29T08:41:29.850Z,0,1,ALL
733,2025-01-29T08:41:29.850Z,0,1,ALL
93,2025-01-29T08:41:29.850Z,0,1,ALL
307,2025-01-29T08:41:29.850Z,0,1,ALL
382,2025-01-29T08:41:29.850Z,0,1,ALL
825,2025-01-29T08:41:29.850Z,0,1,ALL
335,2025-01-29T08:41:29.850Z,0,1,ALL
706,2025-01-29T08:41:29.850Z,0,1,ALL
838,2025-01-29T08:41:29.850Z,0,1,ALL
555,2025-01-29T08:41:29.850Z,0,1,ALL
541,2025-01-29T08:41:29.850Z,0,1,ALL
805,2025-01-29T08:41:29.850Z,0,1,ALL
554,2025-01-29T08:41:29.850Z,0,1,ALL
191,2025-01-29T08:41:29.850Z,0,1,ALL
815,2025-01-29T08:41:29.850Z,0,1,ALL
774,2025-01-29T08:41:29.850Z,0,1,ALL
833,2025-01-29T08:41:29.850Z,0,1,ALL
714,2025-01-29T08:41:29.850Z,0,1,ALL
295,2025-01-29T08:41:29.851Z,0,1,ALL
11,2025-01-29T08:41:29.851Z,0,1,ALL
228,2025-01-29T08:41:29.851Z,0,1,ALL
135,2025-01-29T08:41:29.851Z,0,1,ALL
523,2025-01-29T08:41:29.851Z,0,1,ALL
252,2025-01-29T08:41:29.851Z,0,1,ALL
39,2025-01-29T08:41:29.851Z,0,1,ALL
537,2025-01-29T08:41:29.851Z,0,1,ALL
839,2025-01-29T08:41:29.851Z,0,1,ALL
882,2025-01-29T08:41:29.851Z,0,1,ALL
834,2025-01-29T08:41:29.851Z,0,1,ALL
526,2025-01-29T08:41:29.851Z,0,1,ALL
508,2025-01-29T08:41:29.851Z,0,1,ALL
489,2025-01-29T08:41:29.851Z,0,1,ALL
559,2025-01-29T08:41:29.851Z,0,1,ALL
662,2025-01-29T08:41:29.851Z,0,1,ALL
131,2025-01-29T08:41:29.851Z,0,1,ALL
974,2025-01-29T08:41:29.851Z,0,1,ALL
178,2025-01-29T08:41:29.851Z,0,1,ALL
471,2025-01-29T08:41:29.851Z,0,1,ALL
255,2025-01-29T08:41:29.851Z,0,1,ALL
357,2025-01-29T08:41:29.851Z,0,1,ALL
241,2025-01-29T08:41:29.851Z,0,1,ALL
958,2025-01-29T08:41:29.851Z,0,1,ALL
812,2025-01-29T08:41:29.851Z,0,1,ALL
465,2025-01-29T08:41:29.851Z,0,1,ALL
325,2025-01-29T08:41:29.851Z,0,1,ALL
17,2025-01-29T08:41:29.851Z,0,1,ALL
563,2025-01-29T08:41:29.851Z,0,1,ALL
142,2025-01-29T08:41:29.851Z,0,1,ALL
66,2025-01-29T08:41:29.851Z,0,1,ALL
980,2025-01-29T08:41:29.851Z,0,1,ALL
827,2025-01-29T08:41:29.851Z,0,1,ALL
479,2025-01-29T08:41:29.851Z,0,1,ALL
861,2025-01-29T08:41:29.851Z,0,1,ALL
640,2025-01-29T08:41:29.851Z,0,1,ALL
160,2025-01-29T08:41:29.851Z,0,1,ALL
89,2025-01-29T08:41:29.851Z,0,1,ALL
504,2025-01-29T08:41:29.851Z,0,1,ALL
284,2025-01-29T08:41:29.851Z,0,1,ALL
512,2025-01-29T08:41:29.851Z,0,1,ALL
33,2025-01-29T08:41:29.851Z,0,1,ALL
633,2025-01-29T08:41:29.851Z,0,1,ALL
816,2025-01-29T08:41:29.851Z,0,1,ALL
900,2025-01-29T08:41:29.851Z,0,1,ALL
779,2025-01-29T08:41:29.851Z,0,1,ALL
442,2025-01-29T08:41:29.851Z,0,1,ALL
109,2025-01-29T08:41:29.851Z,0,1,ALL
57,2025-01-29T08:41:29.851Z,0,1,ALL
239,2025-01-29T08:41:29.851Z,0,1,ALL
914,2025-01-29T08:41:29.851Z,0,1,ALL
288,2025-01-29T08:41:29.851Z,0,1,ALL
31,2025-01-29T08:41:29.851Z,0,1,ALL
738,2025-01-29T08:41:29.851Z,0,1,ALL
524,2025-01-29T08:41:29.851Z,0,1,ALL
817,2025-01-29T08:41:29.851Z,0,1,ALL
644,2025-01-29T08:41:29.851Z,0,1,ALL
949,2025-01-29T08:41:29.851Z,0,1,ALL
505,2025-01-29T08:41:29.851Z,0,1,ALL
34,2025-01-29T08:41:29.851Z,0,1,ALL
763,2025-01-29T08:41:29.851Z,0,1,ALL
296,2025-01-29T08:41:29.851Z,0,1,ALL
12,2025-01-29T08:41:29.851Z,0,1,ALL
686,2025-01-29T08:41:29.851Z,0,1,ALL
282,2025-01-29T08:41:29.851Z,0,1,ALL
428,2025-01-29T08:41:29.851Z,0,1,ALL
321,2025-01-29T08:41:29.851Z,0,1,ALL
10,2025-01-29T08:41:29.851Z,0,1,ALL
324,2025-01-29T08:41:29.851Z,0,1,ALL
684,2025-01-29T08:41:29.851Z,0,1,ALL
18,2025-01-29T08:41:29.851Z,0,1,ALL
614,2025-01-29T08:41:29.851Z,0,1,ALL
146,2025-01-29T08:41:29.851Z,0,1,ALL
139,2025-01-29T08:41:29.851Z,0,1,ALL
848,2025-01-29T08:41:29.851Z,0,1,ALL
752,2025-01-29T08:41:29.851Z,0,1,ALL
143,2025-01-29T08:41:29.851Z,0,1,ALL
594,2025-01-29T08:41:29.851Z,0,1,ALL
424,2025-01-29T08:41:29.851Z,0,1,ALL
98,2025-01-29T08:41:29.851Z,0,1,ALL
381,2025-01-29T08:41:29.851Z,0,1,ALL
193,2025-01-29T08:41:29.851Z,0,1,ALL
927,2025-01-29T08:41:29.851Z,0,1,ALL
655,2025-01-29T08:41:29.851Z,0,1,ALL
408,2025-01-29T08:41:29.851Z,0,1,ALL
853,2025-01-29T08:41:29.851Z,0,1,ALL
466,2025-01-29T08:41:29.851Z,0,1,ALL
243,2025-01-29T08:41:29.851Z,0,1,ALL
617,2025-01-29T08:41:29.851Z,0,1,ALL
674,2025-01-29T08:41:29.851Z,0,1,ALL
995,2025-01-29T08:41:29.851Z,0,1,ALL
167,2025-01-29T08:41:29.851Z,0,1,ALL
250,2025-01-29T08:41:29.851Z,0,1,ALL
918,2025-01-29T08:41:29.851Z,0,1,ALL
672,2025-01-29T08:41:29.851Z,0,1,ALL
64,2025-01-29T08:41:29.851Z,0,1,ALL
478,2025-01-29T08:41:29.851Z,0,1,ALL
956,2025-01-29T08:41:29.851Z,0,1,ALL
145,2025-01-29T08:41:29.851Z,0,1,ALL
777,2025-01-29T08:41:29.851Z,0,1,ALL
582,2025-01-29T08:41:29.851Z,0,1,ALL
458,2025-01-29T08:41:29.851Z,0,1,ALL
198,2025-01-29T08:41:29.851Z,0,1,ALL
629,2025-01-29T08:41:29.851Z,0,1,ALL
104,2025-01-29T08:41:29.851Z,0,1,ALL
413,2025-01-29T08:41:29.851Z,0,1,ALL
163,2025-01-29T08:41:29.851Z,0,1,ALL
898,2025-01-29T08:41:29.851Z,0,1,ALL
102,2025-01-29T08:41:29.851Z,0,1,ALL
315,2025-01-29T08:41:29.851Z,0,1,ALL
533,2025-01-29T08:41:29.851Z,0,1,ALL
71,2025-01-29T08:41:29.851Z,0,1,ALL
588,2025-01-29T08:41:29.851Z,0,1,ALL
796,2025-01-29T08:41:29.851Z,0,1,ALL
2,2025-01-29T08:41:29.851Z,0,1,ALL
343,2025-01-29T08:41:29.851Z,0,1,ALL
72,2025-01-29T08:41:29.851Z,0,1,ALL
624,2025-01-29T08:41:29.851Z,0,1,ALL
234,2025-01-29T08:41:29.851Z,0,1,ALL
186,2025-01-29T08:41:29.851Z,0,1,ALL
177,2025-01-29T08:41:29.851Z,0,1,ALL
626,2025-01-29T08:41:29.851Z,0,1,ALL
843,2025-01-29T08:41:29.851Z,0,1,ALL
823,2025-01-29T08:41:29.851Z,0,1,ALL
705,2025-01-29T08:41:29.851Z,0,1,ALL
346,2025-01-29T08:41:29.851Z,0,1,ALL
841,2025-01-29T08:41:29.851Z,0,1,ALL
480,2025-01-29T08:41:29.851Z,0,1,ALL
337,2025-01-29T08:41:29.851Z,0,1,ALL
727,2025-01-29T08:41:29.851Z,0,1,ALL
280,2025-01-29T08:41:29.851Z,0,1,ALL
886,2025-01-29T08:41:29.851Z,0,1,ALL
781,2025-01-29T08:41:29.851Z,0,1,ALL
696,2025-01-29T08:41:29.851Z,0,1,ALL
297,2025-01-29T08:41:29.851Z,0,1,ALL
459,2025-01-29T08:41:29.851Z,0,1,ALL
419,2025-01-29T08:41:29.851Z,0,1,ALL
938,2025-01-29T08:41:29.851Z,0,1,ALL
314,2025-01-29T08:41:29.851Z,0,1,ALL
627,2025-01-29T08:41:29.851Z,0,1,ALL
444,2025-01-29T08:41:29.851Z,0,1,ALL
391,2025-01-29T08:41:29.851Z,0,1,ALL
893,2025-01-29T08:41:29.851Z,0,1,ALL
689,2025-01-29T08:41:29.851Z,0,1,ALL
400,2025-01-29T08:41:29.851Z,0,1,ALL
274,2025-01-29T08:41:29.851Z,0,1,ALL
636,2025-01-29T08:41:29.851Z,0,1,ALL
473,2025-01-29T08:41:29.851Z,0,1,ALL
1000,2025-01-29T08:41:29.851Z,0,1,ALL
320,2025-01-29T08:41:29.851Z,0,1,ALL
819,2025-01-29T08:41:29.851Z,0,1,ALL
595,2025-01-29T08:41:29.851Z,0,1,ALL
426,2025-01-29T08:41:29.851Z,0,1,ALL
412,2025-01-29T08:41:29.851Z,0,1,ALL
47,2025-01-29T08:41:29.851Z,0,1,ALL
741,2025-01-29T08:41:29.851Z,0,1,ALL
651,2025-01-29T08:41:29.851Z,0,1,ALL
813,2025-01-29T08:41:29.851Z,0,1,ALL
211,2025-01-29T08:41:29.851Z,0,1,ALL
46,2025-01-29T08:41:29.851Z,0,1,ALL
970,2025-01-29T08:41:29.851Z,0,1,ALL
83,2025-01-29T08:41:29.851Z,0,1,ALL
919,2025-01-29T08:41:29.851Z,0,1,ALL
851,2025-01-29T08:41:29.851Z,0,1,ALL
304,2025-01-29T08:41:29.851Z,0,1,ALL
15,2025-01-29T08:41:29.851Z,0,1,ALL
361,2025-01-29T08:41:29.851Z,0,1,ALL
125,2025-01-29T08:41:29.851Z,0,1,ALL
77,2025-01-29T08:41:29.851Z,0,1,ALL
140,2025-01-29T08:41:29.851Z,0,1,ALL
687,2025-01-29T08:41:29.851Z,0,1,ALL
474,2025-01-29T08:41:29.851Z,0,1,ALL
153,2025-01-29T08:41:29.851Z,0,1,ALL
806,2025-01-29T08:41:29.851Z,0,1,ALL
631,2025-01-29T08:41:29.851Z,0,1,ALL
73,2025-01-29T08:41:29.851Z,0,1,ALL
182,2025-01-29T08:41:29.851Z,0,1,ALL
56,2025-01-29T08:41:29.851Z,0,1,ALL
40,2025-01-29T08:41:29.851Z,0,1,ALL
355,2025-01-29T08:41:29.851Z,0,1,ALL
590,2025-01-29T08:41:29.851Z,0,1,ALL
579,2025-01-29T08:41:29.851Z,0,1,ALL
946,2025-01-29T08:41:29.851Z,0,1,ALL
729,2025-01-29T08:41:29.851Z,0,1,ALL
277,2025-01-29T08:41:29.851Z,0,1,ALL
261,2025-01-29T08:41:29.851Z,0,1,ALL
123,2025-01-29T08:41:29.851Z,0,1,ALL
885,2025-01-29T08:41:29.851Z,0,1,ALL
348,2025-01-29T08:41:29.851Z,0,1,ALL
984,2025-01-29T08:41:29.851Z,0,1,ALL
868,2025-01-29T08:41:29.851Z,0,1,ALL
965,2025-01-29T08:41:29.851Z,0,1,ALL
891,2025-01-29T08:41:29.851Z,0,1,ALL
332,2025-01-29T08:41:29.851Z,0,1,ALL
880,2025-01-29T08:41:29.851Z,0,1,ALL
468,2025-01-29T08:41:29.851Z,0,1,ALL
730,2025-01-29T08:41:29.851Z,0,1,ALL
575,2025-01-29T08:41:29.851Z,0,1,ALL
333,2025-01-29T08:41:29.851Z,0,1,ALL
800,2025-01-29T08:41:29.851Z,0,1,ALL
484,2025-01-29T08:41:29.851Z,0,1,ALL
915,2025-01-29T08:41:29.851Z,0,1,ALL
189,2025-01-29T08:41:29.851Z,0,1,ALL
712,2025-01-29T08:41:29.851Z,0,1,ALL
569,2025-01-29T08:41:29.851Z,0,1,ALL
404,2025-01-29T08:41:29.851Z,0,1,ALL
507,2025-01-29T08:41:29.851Z,0,1,ALL
596,2025-01-29T08:41:29.851Z,0,1,ALL
923,2025-01-29T08:41:29.851Z,0,1,ALL
547,2025-01-29T08:41:29.851Z,0,1,ALL
233,2025-01-29T08:41:29.851Z,0,1,ALL
997,2025-01-29T08:41:29.851Z,0,1,ALL
952,2025-01-29T08:41:29.851Z,0,1,ALL
485,2025-01-29T08:41:29.851Z,0,1,ALL
977,2025-01-29T08:41:29.851Z,0,1,ALL
578,2025-01-29T08:41:29.851Z,0,1,ALL
556,2025-01-29T08:41:29.851Z,0,1,ALL
376,2025-01-29T08:41:29.851Z,0,1,ALL
226,2025-01-29T08:41:29.851Z,0,1,ALL
500,2025-01-29T08:41:29.851Z,0,1,ALL
879,2025-01-29T08:41:29.851Z,0,1,ALL
723,2025-01-29T08:41:29.851Z,0,1,ALL
13,2025-01-29T08:41:29.851Z,0,1,ALL
566,2025-01-29T08:41:29.851Z,0,1,ALL
515,2025-01-29T08:41:29.851Z,0,1,ALL
91,2025-01-29T08:41:29.851Z,0,1,ALL
695,2025-01-29T08:41:29.851Z,0,1,ALL
642,2025-01-29T08:41:29.851Z,0,1,ALL
737,2025-01-29T08:41:29.851Z,0,1,ALL
770,2025-01-29T08:41:29.851Z,0,1,ALL
433,2025-01-29T08:41:29.851Z,0,1,ALL
540,2025-01-29T08:41:29.851Z,0,1,ALL
303,2025-01-29T08:41:29.851Z,0,1,ALL
293,2025-01-29T08:41:29.851Z,0,1,ALL
543,2025-01-29T08:41:29.851Z,0,1,ALL
782,2025-01-29T08:41:29.851Z,0,1,ALL
610,2025-01-29T08:41:29.851Z,0,1,ALL
365,2025-01-29T08:41:29.851Z,0,1,ALL
869,2025-01-29T08:41:29.851Z,0,1,ALL
532,2025-01-29T08:41:29.851Z,0,1,ALL
287,2025-01-29T08:41:29.851Z,0,1,ALL
165,2025-01-29T08:41:29.851Z,0,1,ALL
748,2025-01-29T08:41:29.851Z,0,1,ALL
837,2025-01-29T08:41:29.851Z,0,1,ALL
976,2025-01-29T08:41:29.851Z,0,1,ALL
21,2025-01-29T08:41:29.851Z,0,1,ALL
897,2025-01-29T08:41:29.851Z,0,1,ALL
152,2025-01-29T08:41:29.851Z,0,1,ALL
719,2025-01-29T08:41:29.851Z,0,1,ALL
536,2025-01-29T08:41:29.851Z,0,1,ALL
475,2025-01-29T08:41:29.851Z,0,1,ALL
570,2025-01-29T08:41:29.851Z,0,1,ALL
401,2025-01-29T08:41:29.851Z,0,1,ALL
462,2025-01-29T08:41:29.851Z,0,1,ALL
281,2025-01-29T08:41:29.851Z,0,1,ALL
5,2025-01-29T08:41:29.851Z,0,1,ALL
301,2025-01-29T08:41:29.851Z,0,1,ALL
461,2025-01-29T08:41:29.851Z,0,1,ALL
789,2025-01-29T08:41:29.851Z,0,1,ALL
499,2025-01-29T08:41:29.851Z,0,1,ALL
181,2025-01-29T08:41:29.851Z,0,1,ALL
340,2025-01-29T08:41:29.851Z,0,1,ALL
593,2025-01-29T08:41:29.851Z,0,1,ALL
498,2025-01-29T08:41:29.851Z,0,1,ALL
661,2025-01-29T08:41:29.851Z,0,1,ALL
367,2025-01-29T08:41:29.851Z,0,1,ALL
822,2025-01-29T08:41:29.851Z,0,1,ALL
983,2025-01-29T08:41:29.851Z,0,1,ALL
392,2025-01-29T08:41:29.851Z,0,1,ALL
896,2025-01-29T08:41:29.851Z,0,1,ALL
994,2025-01-29T08:41:29.851Z,0,1,ALL
979,2025-01-29T08:41:29.851Z,0,1,ALL
609,2025-01-29T08:41:29.851Z,0,1,ALL
298,2025-01-29T08:41:29.851Z,0,1,ALL
429,2025-01-29T08:41:29.851Z,0,1,ALL
718,2025-01-29T08:41:29.851Z,0,1,ALL
519,2025-01-29T08:41:29.851Z,0,1,ALL
846,2025-01-29T08:41:29.851Z,0,1,ALL
432,2025-01-29T08:41:29.851Z,0,1,ALL
690,2025-01-29T08:41:29.851Z,0,1,ALL
673,2025-01-29T08:41:29.851Z,0,1,ALL
931,2025-01-29T08:41:29.851Z,0,1,ALL
656,2025-01-29T08:41:29.851Z,0,1,ALL
625,2025-01-29T08:41:29.851Z,0,1,ALL
254,2025-01-29T08:41:29.851Z,0,1,ALL
112,2025-01-29T08:41:29.851Z,0,1,ALL
96,2025-01-29T08:41:29.851Z,0,1,ALL
694,2025-01-29T08:41:29.851Z,0,1,ALL
581,2025-01-29T08:41:29.851Z,0,1,ALL
863,2025-01-29T08:41:29.851Z,0,1,ALL
818,2025-01-29T08:41:29.851Z,0,1,ALL
396,2025-01-29T08:41:29.851Z,0,1,ALL
954,2025-01-29T08:41:29.851Z,0,1,ALL
820,2025-01-29T08:41:29.851Z,0,1,ALL
679,2025-01-29T08:41:29.851Z,0,1,ALL
107,2025-01-29T08:41:29.851Z,0,1,ALL
935,2025-01-29T08:41:29.851Z,0,1,ALL
493,2025-01-29T08:41:29.851Z,0,1,ALL
600,2025-01-29T08:41:29.851Z,0,1,ALL
937,2025-01-29T08:41:29.851Z,0,1,ALL
319,2025-01-29T08:41:29.851Z,0,1,ALL
530,2025-01-29T08:41:29.851Z,0,1,ALL
775,2025-01-29T08:41:29.851Z,0,1,ALL
221,2025-01-29T08:41:29.851Z,0,1,ALL
889,2025-01-29T08:41:29.851Z,0,1,ALL
435,2025-01-29T08:41:29.851Z,0,1,ALL
653,2025-01-29T08:41:29.851Z,0,1,ALL
654,2025-01-29T08:41:29.851Z,0,1,ALL
576,2025-01-29T08:41:29.851Z,0,1,ALL
759,2025-01-29T08:41:29.851Z,0,1,ALL
258,2025-01-29T08:41:29.851Z,0,1,ALL
913,2025-01-29T08:41:29.851Z,0,1,ALL
589,2025-01-29T08:41:29.851Z,0,1,ALL
398,2025-01-29T08:41:29.851Z,0,1,ALL
108,2025-01-29T08:41:29.851Z,0,1,ALL
19,2025-01-29T08:41:29.851Z,0,1,ALL
643,2025-01-29T08:41:29.851Z,0,1,ALL
966,2025-01-29T08:41:29.851Z,0,1,ALL
215,2025-01-29T08:41:29.851Z,0,1,ALL
65,2025-01-29T08:41:29.851Z,0,1,ALL
52,2025-01-29T08:41:29.851Z,0,1,ALL
635,2025-01-29T08:41:29.851Z,0,1,ALL
366,2025-01-29T08:41:29.851Z,0,1,ALL
317,2025-01-29T08:41:29.851Z,0,1,ALL
440,2025-01-29T08:41:29.851Z,0,1,ALL
37,2025-01-29T08:41:29.851Z,0,1,ALL
85,2025-01-29T08:41:29.851Z,0,1,ALL
421,2025-01-29T08:41:29.851Z,0,1,ALL
32,2025-01-29T08:41:29.851Z,0,1,ALL
546,2025-01-29T08:41:29.851Z,0,1,ALL
358,2025-01-29T08:41:29.851Z,0,1,ALL
701,2025-01-29T08:41:29.851Z,0,1,ALL
164,2025-01-29T08:41:29.851Z,0,1,ALL
736,2025-01-29T08:41:29.851Z,0,1,ALL
326,2025-01-29T08:41:29.851Z,0,1,ALL
704,2025-01-29T08:41:29.851Z,0,1,ALL
78,2025-01-29T08:41:29.851Z,0,1,ALL
278,2025-01-29T08:41:29.851Z,0,1,ALL
941,2025-01-29T08:41:29.851Z,0,1,ALL
875,2025-01-29T08:41:29.851Z,0,1,ALL
603,2025-01-29T08:41:29.851Z,0,1,ALL
637,2025-01-29T08:41:29.851Z,0,1,ALL
289,2025-01-29T08:41:29.851Z,0,1,ALL
133,2025-01-29T08:41:29.851Z,0,1,ALL
279,2025-01-29T08:41:29.851Z,0,1,ALL
100,2025-01-29T08:41:29.851Z,0,1,ALL
443,2025-01-29T08:41:29.851Z,0,1,ALL
892,2025-01-29T08:41:29.851Z,0,1,ALL
804,2025-01-29T08:41:29.851Z,0,1,ALL
758,2025-01-29T08:41:29.851Z,0,1,ALL
755,2025-01-29T08:41:29.851Z,0,1,ALL
638,2025-01-29T08:41:29.851Z,0,1,ALL
492,2025-01-29T08:41:29.851Z,0,1,ALL
416,2025-01-29T08:41:29.851Z,0,1,ALL
692,2025-01-29T08:41:29.851Z,0,1,ALL
232,2025-01-29T08:41:29.851Z,0,1,ALL
427,2025-01-29T08:41:29.851Z,0,1,ALL
803,2025-01-29T08:41:29.851Z,0,1,ALL
739,2025-01-29T08:41:29.851Z,0,1,ALL
158,2025-01-29T08:41:29.851Z,0,1,ALL
172,2025-01-29T08:41:29.851Z,0,1,ALL
113,2025-01-29T08:41:29.851Z,0,1,ALL
377,2025-01-29T08:41:29.851Z,0,1,ALL
184,2025-01-29T08:41:29.851Z,0,1,ALL
24,2025-01-29T08:41:29.851Z,0,1,ALL
403,2025-01-29T08:41:29.851Z,0,1,ALL
170,2025-01-29T08:41:29.851Z,0,1,ALL
494,2025-01-29T08:41:29.851Z,0,1,ALL
55,2025-01-29T08:41:29.851Z,0,1,ALL
374,2025-01-29T08:41:29.851Z,0,1,ALL
68,2025-01-29T08:41:29.851Z,0,1,ALL
652,2025-01-29T08:41:29.851Z,0,1,ALL
535,2025-01-29T08:41:29.851Z,0,1,ALL
244,2025-01-29T08:41:29.851Z,0,1,ALL
565,2025-01-29T08:41:29.851Z,0,1,ALL
728,2025-01-29T08:41:29.851Z,0,1,ALL
456,2025-01-29T08:41:29.851Z,0,1,ALL
128,2025-01-29T08:41:29.851Z,0,1,ALL
38,2025-01-29T08:41:29.851Z,0,1,ALL
300,2025-01-29T08:41:29.851Z,0,1,ALL
928,2025-01-29T08:41:29.851Z,0,1,ALL
353,2025-01-29T08:41:29.851Z,0,1,ALL
722,2025-01-29T08:41:29.851Z,0,1,ALL
256,2025-01-29T08:41:29.851Z,0,1,ALL
216,2025-01-29T08:41:29.851Z,0,1,ALL
646,2025-01-29T08:41:29.851Z,0,1,ALL
202,2025-01-29T08:41:29.851Z,0,1,ALL
987,2025-01-29T08:41:29.851Z,0,1,ALL
865,2025-01-29T08:41:29.851Z,0,1,ALL
266,2025-01-29T08:41:29.851Z,0,1,ALL
725,2025-01-29T08:41:29.851Z,0,1,ALL
195,2025-01-29T08:41:29.851Z,0,1,ALL
129,2025-01-29T08:41:29.851Z,0,1,ALL
744,2025-01-29T08:41:29.851Z,0,1,ALL
809,2025-01-29T08:41:29.851Z,0,1,ALL
985,2025-01-29T08:41:29.851Z,0,1,ALL
8,2025-01-29T08:41:29.851Z,0,1,ALL
483,2025-01-29T08:41:29.851Z,0,1,ALL
707,2025-01-29T08:41:29.851Z,0,1,ALL
971,2025-01-29T08:41:29.851Z,0,1,ALL
305,2025-01-29T08:41:29.851Z,0,1,ALL
80,2025-01-29T08:41:29.851Z,0,1,ALL
881,2025-01-29T08:41:29.851Z,0,1,ALL
930,2025-01-29T08:41:29.851Z,0,1,ALL
551,2025-01-29T08:41:29.851Z,0,1,ALL
318,2025-01-29T08:41:29.851Z,0,1,ALL
903,2025-01-29T08:41:29.851Z,0,1,ALL
683,2025-01-29T08:41:29.851Z,0,1,ALL
312,2025-01-29T08:41:29.851Z,0,1,ALL
179,2025-01-29T08:41:29.851Z,0,1,ALL
855,2025-01-29T08:41:29.851Z,0,1,ALL
877,2025-01-29T08:41:29.851Z,0,1,ALL
542,2025-01-29T08:41:29.851Z,0,1,ALL
470,2025-01-29T08:41:29.851Z,0,1,ALL
876,2025-01-29T08:41:29.851Z,0,1,ALL
685,2025-01-29T08:41:29.851Z,0,1,ALL
571,2025-01-29T08:41:29.851Z,0,1,ALL
959,2025-01-29T08:41:29.851Z,0,1,ALL
693,2025-01-29T08:41:29.851Z,0,1,ALL
110,2025-01-29T08:41:29.851Z,0,1,ALL
370,2025-01-29T08:41:29.851Z,0,1,ALL
175,2025-01-29T08:41:29.851Z,0,1,ALL
622,2025-01-29T08:41:29.851Z,0,1,ALL
99,2025-01-29T08:41:29.851Z,0,1,ALL
48,2025-01-29T08:41:29.851Z,0,1,ALL
967,2025-01-29T08:41:29.851Z,0,1,ALL
821,2025-01-29T08:41:29.851Z,0,1,ALL
732,2025-01-29T08:41:29.851Z,0,1,ALL
28,2025-01-29T08:41:29.851Z,0,1,ALL
699,2025-01-29T08:41:29.851Z,0,1,ALL
313,2025-01-29T08:41:29.851Z,0,1,ALL
262,2025-01-29T08:41:29.851Z,0,1,ALL
94,2025-01-29T08:41:29.851Z,0,1,ALL
362,2025-01-29T08:41:29.851Z,0,1,ALL
204,2025-01-29T08:41:29.851Z,0,1,ALL
162,2025-01-29T08:41:29.851Z,0,1,ALL
30,2025-01-29T08:41:29.851Z,0,1,ALL
356,2025-01-29T08:41:29.851Z,0,1,ALL
299,2025-01-29T08:41:29.851Z,0,1,ALL
585,2025-01-29T08:41:29.851Z,0,1,ALL
95,2025-01-29T08:41:29.851Z,0,1,ALL
122,2025-01-29T08:41:29.851Z,0,1,ALL
871,2025-01-29T08:41:29.851Z,0,1,ALL
514,2025-01-29T08:41:29.851Z,0,1,ALL
62,2025-01-29T08:41:29.851Z,0,1,ALL
762,2025-01-29T08:41:29.851Z,0,1,ALL
623,2025-01-29T08:41:29.851Z,0,1,ALL
329,2025-01-29T08:41:29.851Z,0,1,ALL
751,2025-01-29T08:41:29.851Z,0,1,ALL
828,2025-01-29T08:41:29.851Z,0,1,ALL
531,2025-01-29T08:41:29.851Z,0,1,ALL
454,2025-01-29T08:41:29.851Z,0,1,ALL
180,2025-01-29T08:41:29.851Z,0,1,ALL
390,2025-01-29T08:41:29.851Z,0,1,ALL
127,2025-01-29T08:41:29.851Z,0,1,ALL
939,2025-01-29T08:41:29.851Z,0,1,ALL
628,2025-01-29T08:41:29.851Z,0,1,ALL
439,2025-01-29T08:41:29.851Z,0,1,ALL
988,2025-01-29T08:41:29.851Z,0,1,ALL
669,2025-01-29T08:41:29.851Z,0,1,ALL
675,2025-01-29T08:41:29.851Z,0,1,ALL
670,2025-01-29T08:41:29.851Z,0,1,ALL
560,2025-01-29T08:41:29.851Z,0,1,ALL
991,2025-01-29T08:41:29.851Z,0,1,ALL
117,2025-01-29T08:41:29.851Z,0,1,ALL
709,2025-01-29T08:41:29.851Z,0,1,ALL
438,2025-01-29T08:41:29.851Z,0,1,ALL
185,2025-01-29T08:41:29.851Z,0,1,ALL
708,2025-01-29T08:41:29.851Z,0,1,ALL
545,2025-01-29T08:41:29.851Z,0,1,ALL
940,2025-01-29T08:41:29.851Z,0,1,ALL
697,2025-01-29T08:41:29.851Z,0,1,ALL
487,2025-01-29T08:41:29.851Z,0,1,ALL
553,2025-01-29T08:41:29.851Z,0,1,ALL
309,2025-01-29T08:41:29.851Z,0,1,ALL
795,2025-01-29T08:41:29.851Z,0,1,ALL
349,2025-01-29T08:41:29.851Z,0,1,ALL
363,2025-01-29T08:41:29.851Z,0,1,ALL
341,2025-01-29T08:41:29.851Z,0,1,ALL
632,2025-01-29T08:41:29.851Z,0,1,ALL
831,2025-01-29T08:41:29.851Z,0,1,ALL
811,2025-01-29T08:41:29.851Z,0,1,ALL
286,2025-01-29T08:41:29.851Z,0,1,ALL
409,2025-01-29T08:41:29.851Z,0,1,ALL
676,2025-01-29T08:41:29.851Z,0,1,ALL
986,2025-01-29T08:41:29.851Z,0,1,ALL
446,2025-01-29T08:41:29.851Z,0,1,ALL
155,2025-01-29T08:41:29.851Z,0,1,ALL
434,2025-01-29T08:41:29.851Z,0,1,ALL
417,2025-01-29T08:41:29.851Z,0,1,ALL
950,2025-01-29T08:41:29.851Z,0,1,ALL
717,2025-01-29T08:41:29.851Z,0,1,ALL
710,2025-01-29T08:41:29.851Z,0,1,ALL
605,2025-01-29T08:41:29.851Z,0,1,ALL
587,2025-01-29T08:41:29.851Z,0,1,ALL
604,2025-01-29T08:41:29.851Z,0,1,ALL
842,2025-01-29T08:41:29.851Z,0,1,ALL
799,2025-01-29T08:41:29.851Z,0,1,ALL
691,2025-01-29T08:41:29.851Z,0,1,ALL
961,2025-01-29T08:41:29.851Z,0,1,ALL
389,2025-01-29T08:41:29.851Z,0,1,ALL
767,2025-01-29T08:41:29.851Z,0,1,ALL
97,2025-01-29T08:41:29.851Z,0,1,ALL
641,2025-01-29T08:41:29.851Z,0,1,ALL
702,2025-01-29T08:41:29.851Z,0,1,ALL
205,2025-01-29T08:41:29.851Z,0,1,ALL
197,2025-01-29T08:41:29.851Z,0,1,ALL
639,2025-01-29T08:41:29.851Z,0,1,ALL
750,2025-01-29T08:41:29.851Z,0,1,ALL
447,2025-01-29T08:41:29.851Z,0,1,ALL
187,2025-01-29T08:41:29.851Z,0,1,ALL
114,2025-01-29T08:41:29.851Z,0,1,ALL
558,2025-01-29T08:41:29.851Z,0,1,ALL
351,2025-01-29T08:41:29.851Z,0,1,ALL
156,2025-01-29T08:41:29.851Z,0,1,ALL
951,2025-01-29T08:41:29.851Z,0,1,ALL
934,2025-01-29T08:41:29.851Z,0,1,ALL
386,2025-01-29T08:41:29.851Z,0,1,ALL
302,2025-01-29T08:41:29.851Z,0,1,ALL
269,2025-01-29T08:41:29.851Z,0,1,ALL
249,2025-01-29T08:41:29.851Z,0,1,ALL
534,2025-01-29T08:41:29.851Z,0,1,ALL
511,2025-01-29T08:41:29.851Z,0,1,ALL
194,2025-01-29T08:41:29.851Z,0,1,ALL
126,2025-01-29T08:41:29.851Z,0,1,ALL
430,2025-01-29T08:41:29.851Z,0,1,ALL
964,2025-01-29T08:41:29.851Z,0,1,ALL
844,2025-01-29T08:41:29.851Z,0,1,ALL
835,2025-01-29T08:41:29.851Z,0,1,ALL
506,2025-01-29T08:41:29.851Z,0,1,ALL
968,2025-01-29T08:41:29.851Z,0,1,ALL
922,2025-01-29T08:41:29.851Z,0,1,ALL
316,2025-01-29T08:41:29.851Z,0,1,ALL
688,2025-01-29T08:41:29.851Z,0,1,ALL
520,2025-01-29T08:41:29.851Z,0,1,ALL
336,2025-01-29T08:41:29.851Z,0,1,ALL
132,2025-01-29T08:41:29.851Z,0,1,ALL
378,2025-01-29T08:41:29.851Z,0,1,ALL
721,2025-01-29T08:41:29.851Z,0,1,ALL
369,2025-01-29T08:41:29.851Z,0,1,ALL
742,2025-01-29T08:41:29.851Z,0,1,ALL
724,2025-01-29T08:41:29.851Z,0,1,ALL
788,2025-01-29T08:41:29.851Z,0,1,ALL
457,2025-01-29T08:41:29.851Z,0,1,ALL
67,2025-01-29T08:41:29.851Z,0,1,ALL
849,2025-01-29T08:41:29.851Z,0,1,ALL
826,2025-01-29T08:41:29.851Z,0,1,ALL
764,2025-01-29T08:41:29.851Z,0,1,ALL
464,2025-01-29T08:41:29.851Z,0,1,ALL
352,2025-01-29T08:41:29.851Z,0,1,ALL
395,2025-01-29T08:41:29.851Z,0,1,ALL
947,2025-01-29T08:41:29.851Z,0,1,ALL
761,2025-01-29T08:41:29.851Z,0,1,ALL
703,2025-01-29T08:41:29.851Z,0,1,ALL
567,2025-01-29T08:41:29.851Z,0,1,ALL
224,2025-01-29T08:41:29.851Z,0,1,ALL
735,2025-01-29T08:41:29.851Z,0,1,ALL
477,2025-01-29T08:41:29.851Z,0,1,ALL
660,2025-01-29T08:41:29.851Z,0,1,ALL
658,2025-01-29T08:41:29.851Z,0,1,ALL
955,2025-01-29T08:41:29.851Z,0,1,ALL
50,2025-01-29T08:41:29.851Z,0,1,ALL
973,2025-01-29T08:41:29.851Z,0,1,ALL
586,2025-01-29T08:41:29.851Z,0,1,ALL
513,2025-01-29T08:41:29.851Z,0,1,ALL
845,2025-01-29T08:41:29.851Z,0,1,ALL
51,2025-01-29T08:41:29.851Z,0,1,ALL
406,2025-01-29T08:41:29.851Z,0,1,ALL
76,2025-01-29T08:41:29.851Z,0,1,ALL
460,2025-01-29T08:41:29.851Z,0,1,ALL
69,2025-01-29T08:41:29.851Z,0,1,ALL
334,2025-01-29T08:41:29.851Z,0,1,ALL
529,2025-01-29T08:41:29.851Z,0,1,ALL
203,2025-01-29T08:41:29.851Z,0,1,ALL
441,2025-01-29T08:41:29.851Z,0,1,ALL
385,2025-01-29T08:41:29.851Z,0,1,ALL
591,2025-01-29T08:41:29.851Z,0,1,ALL
552,2025-01-29T08:41:29.851Z,0,1,ALL
393,2025-01-29T08:41:29.851Z,0,1,ALL
219,2025-01-29T08:41:29.851Z,0,1,ALL
81,2025-01-29T08:41:29.851Z,0,1,ALL
557,2025-01-29T08:41:29.851Z,0,1,ALL
778,2025-01-29T08:41:29.851Z,0,1,ALL
273,2025-01-29T08:41:29.851Z,0,1,ALL
521,2025-01-29T08:41:29.851Z,0,1,ALL
870,2025-01-29T08:41:29.851Z,0,1,ALL
79,2025-01-29T08:41:29.851Z,0,1,ALL
502,2025-01-29T08:41:29.851Z,0,1,ALL
450,2025-01-29T08:41:29.851Z,0,1,ALL
42,2025-01-29T08:41:29.851Z,0,1,ALL
715,2025-01-29T08:41:29.851Z,0,1,ALL
481,2025-01-29T08:41:29.851Z,0,1,ALL
90,2025-01-29T08:41:29.851Z,0,1,ALL
134,2025-01-29T08:41:29.851Z,0,1,ALL
59,2025-01-29T08:41:29.851Z,0,1,ALL
192,2025-01-29T08:41:29.851Z,0,1,ALL
338,2025-01-29T08:41:29.851Z,0,1,ALL
621,2025-01-29T08:41:29.851Z,0,1,ALL
271,2025-01-29T08:41:29.851Z,0,1,ALL
734,2025-01-29T08:41:29.851Z,0,1,ALL
794,2025-01-29T08:41:29.851Z,0,1,ALL
350,2025-01-29T08:41:29.851Z,0,1,ALL
116,2025-01-29T08:41:29.851Z,0,1,ALL
607,2025-01-29T08:41:29.851Z,0,1,ALL
235,2025-01-29T08:41:29.851Z,0,1,ALL
394,2025-01-29T08:41:29.851Z,0,1,ALL
387,2025-01-29T08:41:29.851Z,0,1,ALL
248,2025-01-29T08:41:29.851Z,0,1,ALL
932,2025-01-29T08:41:29.851Z,0,1,ALL
862,2025-01-29T08:41:29.851Z,0,1,ALL
84,2025-01-29T08:41:29.851Z,0,1,ALL
501,2025-01-29T08:41:29.851Z,0,1,ALL
207,2025-01-29T08:41:29.851Z,0,1,ALL
74,2025-01-29T08:41:29.851Z,0,1,ALL
418,2025-01-29T08:41:29.851Z,0,1,ALL
509,2025-01-29T08:41:29.851Z,0,1,ALL
6,2025-01-29T08:41:29.851Z,0,1,ALL
463,2025-01-29T08:41:29.851Z,0,1,ALL
246,2025-01-29T08:41:29.851Z,0,1,ALL
488,2025-01-29T08:41:29.851Z,0,1,ALL
29,2025-01-29T08:41:29.851Z,0,1,ALL
159,2025-01-29T08:41:29.851Z,0,1,ALL
354,2025-01-29T08:41:29.851Z,0,1,ALL
267,2025-01-29T08:41:29.851Z,0,1,ALL
41,2025-01-29T08:41:29.851Z,0,1,ALL
713,2025-01-29T08:41:29.851Z,0,1,ALL
516,2025-01-29T08:41:29.851Z,0,1,ALL
830,2025-01-29T08:41:29.851Z,0,1,ALL
580,2025-01-29T08:41:29.851Z,0,1,ALL
141,2025-01-29T08:41:29.851Z,0,1,ALL
999,2025-01-29T08:41:29.851Z,0,1,ALL
840,2025-01-29T08:41:29.851Z,0,1,ALL
769,2025-01-29T08:41:29.851Z,0,1,ALL
720,2025-01-29T08:41:29.851Z,0,1,ALL
698,2025-01-29T08:41:29.851Z,0,1,ALL
564,2025-01-29T08:41:29.851Z,0,1,ALL
904,2025-01-29T08:41:29.851Z,0,1,ALL
539,2025-01-29T08:41:29.851Z,0,1,ALL
467,2025-01-29T08:41:29.851Z,0,1,ALL
402,2025-01-29T08:41:29.851Z,0,1,ALL
648,2025-01-29T08:41:29.851Z,0,1,ALL
171,2025-01-29T08:41:29.851Z,0,1,ALL
227,2025-01-29T08:41:29.851Z,0,1,ALL
992,2025-01-29T08:41:29.851Z,0,1,ALL
380,2025-01-29T08:41:29.851Z,0,1,ALL
247,2025-01-29T08:41:29.851Z,0,1,ALL
347,2025-01-29T08:41:29.851Z,0,1,ALL
311,2025-01-29T08:41:29.851Z,0,1,ALL
517,2025-01-29T08:41:29.851Z,0,1,ALL
410,2025-01-29T08:41:29.851Z,0,1,ALL
242,2025-01-29T08:41:29.851Z,0,1,ALL
138,2025-01-29T08:41:29.851Z,0,1,ALL
858,2025-01-29T08:41:29.851Z,0,1,ALL
766,2025-01-29T08:41:29.851Z,0,1,ALL
190,2025-01-29T08:41:29.851Z,0,1,ALL
16,2025-01-29T08:41:29.851Z,0,1,ALL
680,2025-01-29T08:41:29.851Z,0,1,ALL
54,2025-01-29T08:41:29.851Z,0,1,ALL
342,2025-01-29T08:41:29.851Z,0,1,ALL
993,2025-01-29T08:41:29.851Z,0,1,ALL
574,2025-01-29T08:41:29.851Z,0,1,ALL
854,2025-01-29T08:41:29.851Z,0,1,ALL
663,2025-01-29T08:41:29.851Z,0,1,ALL
103,2025-01-29T08:41:29.851Z,0,1,ALL
525,2025-01-29T08:41:29.851Z,0,1,ALL
115,2025-01-29T08:41:29.851Z,0,1,ALL
888,2025-01-29T08:41:29.851Z,0,1,ALL
236,2025-01-29T08:41:29.851Z,0,1,ALL
148,2025-01-29T08:41:29.851Z,0,1,ALL
208,2025-01-29T08:41:29.851Z,0,1,ALL
678,2025-01-29T08:41:29.851Z,0,1,ALL
323,2025-01-29T08:41:29.851Z,0,1,ALL
810,2025-01-29T08:41:29.851Z,0,1,ALL
322,2025-01-29T08:41:29.851Z,0,1,ALL
857,2025-01-29T08:41:29.851Z,0,1,ALL
368,2025-01-29T08:41:29.851Z,0,1,ALL
294,2025-01-29T08:41:29.851Z,0,1,ALL
36,2025-01-29T08:41:29.851Z,0,1,ALL
174,2025-01-29T08:41:29.851Z,0,1,ALL
451,2025-01-29T08:41:29.851Z,0,1,ALL
407,2025-01-29T08:41:29.851Z,0,1,ALL
4,2025-01-29T08:41:29.851Z,0,1,ALL
257,2025-01-29T08:41:29.851Z,0,1,ALL
200,2025-01-29T08:41:29.851Z,0,1,ALL
53,2025-01-29T08:41:29.851Z,0,1,ALL
222,2025-01-29T08:41:29.851Z,0,1,ALL
275,2025-01-29T08:41:29.851Z,0,1,ALL
948,2025-01-29T08:41:29.851Z,0,1,ALL
613,2025-01-29T08:41:29.851Z,0,1,ALL
92,2025-01-29T08:41:29.851Z,0,1,ALL
528,2025-01-29T08:41:29.851Z,0,1,ALL
23,2025-01-29T08:41:29.851Z,0,1,ALL
583,2025-01-29T08:41:29.851Z,0,1,ALL
44,2025-01-29T08:41:29.851Z,0,1,ALL
990,2025-01-29T08:41:29.851Z,0,1,ALL
650,2025-01-29T08:41:29.851Z,0,1,ALL
371,2025-01-29T08:41:29.851Z,0,1,ALL
936,2025-01-29T08:41:29.851Z,0,1,ALL
726,2025-01-29T08:41:29.851Z,0,1,ALL
568,2025-01-29T08:41:29.851Z,0,1,ALL
814,2025-01-29T08:41:29.851Z,0,1,ALL
998,2025-01-29T08:41:29.851Z,0,1,ALL
960,2025-01-29T08:41:29.851Z,0,1,ALL
754,2025-01-29T08:41:29.851Z,0,1,ALL
544,2025-01-29T08:41:29.851Z,0,1,ALL
791,2025-01-29T08:41:29.851Z,0,1,ALL
677,2025-01-29T08:41:29.851Z,0,1,ALL
929,2025-01-29T08:41:29.851Z,0,1,ALL
58,2025-01-29T08:41:29.851Z,0,1,ALL
1,2025-01-29T08:41:29.851Z,0,1,ALL
666,2025-01-29T08:41:29.851Z,0,1,ALL
890,2025-01-29T08:41:29.851Z,0,1,ALL
290,2025-01-29T08:41:29.851Z,0,1,ALL
793,2025-01-29T08:41:29.851Z,0,1,ALL
619,2025-01-29T08:41:29.851Z,0,1,ALL
682,2025-01-29T08:41:29.851Z,0,1,ALL
562,2025-01-29T08:41:29.851Z,0,1,ALL
206,2025-01-29T08:41:29.851Z,0,1,ALL
111,2025-01-29T08:41:29.851Z,0,1,ALL
608,2025-01-29T08:41:29.851Z,0,1,ALL
364,2025-01-29T08:41:29.851Z,0,1,ALL
237,2025-01-29T08:41:29.851Z,0,1,ALL
372,2025-01-29T08:41:29.851Z,0,1,ALL
86,2025-01-29T08:41:29.851Z,0,1,ALL
768,2025-01-29T08:41:29.851Z,0,1,ALL
860,2025-01-29T08:41:29.851Z,0,1,ALL
572,2025-01-29T08:41:29.851Z,0,1,ALL
49,2025-01-29T08:41:29.851Z,0,1,ALL
978,2025-01-29T08:41:29.851Z,0,1,ALL
22,2025-01-29T08:41:29.851Z,0,1,ALL
912,2025-01-29T08:41:29.851Z,0,1,ALL
360,2025-01-29T08:41:29.851Z,0,1,ALL
70,2025-01-29T08:41:29.851Z,0,1,ALL
45,2025-01-29T08:41:29.851Z,0,1,ALL
743,2025-01-29T08:41:29.851Z,0,1,ALL
780,2025-01-29T08:41:29.851Z,0,1,ALL
760,2025-01-29T08:41:29.851Z,0,1,ALL
225,2025-01-29T08:41:29.851Z,0,1,ALL
906,2025-01-29T08:41:29.851Z,0,1,ALL
199,2025-01-29T08:41:29.851Z,0,1,ALL
829,2025-01-29T08:41:29.851Z,0,1,ALL
945,2025-01-29T08:41:29.851Z,0,1,ALL
495,2025-01-29T08:41:29.851Z,0,1,ALL
981,2025-01-29T08:41:29.851Z,0,1,ALL
611,2025-01-29T08:41:29.851Z,0,1,ALL
60,2025-01-29T08:41:29.851Z,0,1,ALL
671,2025-01-29T08:41:29.851Z,0,1,ALL
975,2025-01-29T08:41:29.851Z,0,1,ALL
895,2025-01-29T08:41:29.851Z,0,1,ALL
618,2025-01-29T08:41:29.851Z,0,1,ALL
894,2025-01-29T08:41:29.851Z,0,1,ALL
422,2025-01-29T08:41:29.851Z,0,1,ALL
327,2025-01-29T08:41:29.851Z,0,1,ALL
105,2025-01-29T08:41:29.851Z,0,1,ALL
909,2025-01-29T08:41:29.851Z,0,1,ALL
668,2025-01-29T08:41:29.851Z,0,1,ALL
790,2025-01-29T08:41:29.851Z,0,1,ALL
469,2025-01-29T08:41:29.851Z,0,1,ALL
75,2025-01-29T08:41:29.851Z,0,1,ALL
905,2025-01-29T08:41:29.851Z,0,1,ALL
124,2025-01-29T08:41:29.851Z,0,1,ALL
561,2025-01-29T08:41:29.851Z,0,1,ALL
510,2025-01-29T08:41:29.851Z,0,1,ALL
229,2025-01-29T08:41:29.851Z,0,1,ALL
245,2025-01-29T08:41:29.851Z,0,1,ALL
425,2025-01-29T08:41:29.851Z,0,1,ALL
415,2025-01-29T08:41:29.851Z,0,1,ALL
43,2025-01-29T08:41:29.851Z,0,1,ALL
747,2025-01-29T08:41:29.851Z,0,1,ALL
982,2025-01-29T08:41:29.851Z,0,1,ALL
771,2025-01-29T08:41:29.851Z,0,1,ALL
220,2025-01-29T08:41:29.851Z,0,1,ALL
482,2025-01-29T08:41:29.851Z,0,1,ALL
259,2025-01-29T08:41:29.851Z,0,1,ALL
573,2025-01-29T08:41:29.851Z,0,1,ALL
166,2025-01-29T08:41:29.851Z,0,1,ALL
924,2025-01-29T08:41:29.851Z,0,1,ALL
864,2025-01-29T08:41:29.851Z,0,1,ALL
731,2025-01-29T08:41:29.851Z,0,1,ALL
920,2025-01-29T08:41:29.851Z,0,1,ALL
522,2025-01-29T08:41:29.851Z,0,1,ALL
291,2025-01-29T08:41:29.851Z,0,1,ALL
423,2025-01-29T08:41:29.851Z,0,1,ALL
746,2025-01-29T08:41:29.851Z,0,1,ALL
645,2025-01-29T08:41:29.851Z,0,1,ALL
431,2025-01-29T08:41:29.851Z,0,1,ALL
3,2025-01-29T08:41:29.851Z,0,1,ALL
597,2025-01-29T08:41:29.851Z,0,1,ALL
201,2025-01-29T08:41:29.851Z,0,1,ALL
61,2025-01-29T08:41:29.851Z,0,1,ALL
797,2025-01-29T08:41:29.851Z,0,1,ALL
176,2025-01-29T08:41:29.851Z,0,1,ALL
901,2025-01-29T08:41:29.851Z,0,1,ALL
87,2025-01-29T08:41:29.851Z,0,1,ALL
388,2025-01-29T08:41:29.851Z,0,1,ALL
169,2025-01-29T08:41:29.851Z,0,1,ALL
884,2025-01-29T08:41:29.851Z,0,1,ALL
14,2025-01-29T08:41:29.851Z,0,1,ALL
598,2025-01-29T08:41:29.851Z,0,1,ALL
344,2025-01-29T08:41:29.851Z,0,1,ALL
824,2025-01-29T08:41:29.851Z,0,1,ALL
476,2025-01-29T08:41:29.851Z,0,1,ALL
776,2025-01-29T08:41:29.851Z,0,1,ALL
472,2025-01-29T08:41:29.851Z,0,1,ALL
649,2025-01-29T08:41:29.851Z,0,1,ALL
902,2025-01-29T08:41:29.851Z,0,1,ALL
147,2025-01-29T08:41:29.851Z,0,1,ALL
873,2025-01-29T08:41:29.851Z,0,1,ALL
634,2025-01-29T08:41:29.851Z,0,1,ALL
121,2025-01-29T08:41:29.851Z,0,1,ALL
859,2025-01-29T08:41:29.851Z,0,1,ALL
659,2025-01-29T08:41:29.851Z,0,1,ALL
210,2025-01-29T08:41:29.851Z,0,1,ALL
944,2025-01-29T08:41:29.851Z,0,1,ALL
911,2025-01-29T08:41:29.851Z,0,1,ALL
787,2025-01-29T08:41:29.851Z,0,1,ALL
916,2025-01-29T08:41:29.851Z,0,1,ALL
716,2025-01-29T08:41:29.851Z,0,1,ALL
161,2025-01-29T08:41:29.851Z,0,1,ALL
157,2025-01-29T08:41:29.851Z,0,1,ALL
584,2025-01-29T08:41:29.851Z,0,1,ALL
154,2025-01-29T08:41:29.851Z,0,1,ALL
35,2025-01-29T08:41:29.851Z,0,1,ALL
602,2025-01-29T08:41:29.851Z,0,1,ALL
657,2025-01-29T08:41:29.851Z,0,1,ALL
503,2025-01-29T08:41:29.851Z,0,1,ALL
173,2025-01-29T08:41:29.851Z,0,1,ALL
963,2025-01-29T08:41:29.851Z,0,1,ALL
878,2025-01-29T08:41:29.851Z,0,1,ALL
792,2025-01-29T08:41:29.851Z,0,1,ALL
375,2025-01-29T08:41:29.851Z,0,1,ALL
188,2025-01-29T08:41:29.851Z,0,1,ALL
867,2025-01-29T08:41:29.851Z,0,1,ALL
784,2025-01-29T08:41:29.851Z,0,1,ALL
592,2025-01-29T08:41:29.851Z,0,1,ALL
753,2025-01-29T08:41:29.851Z,0,1,ALL
448,2025-01-29T08:41:29.851Z,0,1,ALL
491,2025-01-29T08:41:29.851Z,0,1,ALL
907,2025-01-29T08:41:29.851Z,0,1,ALL
933,2025-01-29T08:41:29.851Z,0,1,ALL
757,2025-01-29T08:41:29.851Z,0,1,ALL
306,2025-01-29T08:41:29.851Z,0,1,ALL
783,2025-01-29T08:41:29.851Z,0,1,ALL
773,2025-01-29T08:41:29.851Z,0,1,ALL
527,2025-01-29T08:41:29.851Z,0,1,ALL
989,2025-01-29T08:41:29.851Z,0,1,ALL
345,2025-01-29T08:41:29.851Z,0,1,ALL
972,2025-01-29T08:41:29.851Z,0,1,ALL
436,2025-01-29T08:41:29.851Z,0,1,ALL
943,2025-01-29T08:41:29.851Z,0,1,ALL
308,2025-01-29T08:41:29.851Z,0,1,ALL
150,2025-01-29T08:41:29.851Z,0,1,ALL
420,2025-01-29T08:41:29.851Z,0,1,ALL
926,2025-01-29T08:41:29.851Z,0,1,ALL
808,2025-01-29T08:41:29.851Z,0,1,ALL
490,2025-01-29T08:41:29.851Z,0,1,ALL
798,2025-01-29T08:41:29.851Z,0,1,ALL
331,2025-01-29T08:41:29.851Z,0,1,ALL
874,2025-01-29T08:41:29.851Z,0,1,ALL
63,2025-01-29T08:41:29.851Z,0,1,ALL
917,2025-01-29T08:41:29.851Z,0,1,ALL
711,2025-01-29T08:41:29.851Z,0,1,ALL
183,2025-01-29T08:41:29.851Z,0,1,ALL
9,2025-01-29T08:41:29.851Z,0,1,ALL
445,2025-01-29T08:41:29.851Z,0,1,ALL
411,2025-01-29T08:41:29.851Z,0,1,ALL
260,2025-01-29T08:41:29.851Z,0,1,ALL
832,2025-01-29T08:41:29.851Z,0,1,ALL
908,2025-01-29T08:41:29.851Z,0,1,ALL
749,2025-01-29T08:41:29.851Z,0,1,ALL
118,2025-01-29T08:41:29.851Z,0,1,ALL
88,2025-01-29T08:41:29.852Z,0,1,ALL
272,2025-01-29T08:41:29.852Z,0,1,ALL
130,2025-01-29T08:41:29.852Z,0,1,ALL
240,2025-01-29T08:41:29.852Z,0,1,ALL
223,2025-01-29T08:41:29.852Z,0,1,ALL
283,2025-01-29T08:41:29.852Z,0,1,ALL
772,2025-01-29T08:41:29.852Z,0,1,ALL
548,2025-01-29T08:41:29.852Z,0,1,ALL
231,2025-01-29T08:41:29.852Z,0,1,ALL
217,2025-01-29T08:41:29.852Z,0,1,ALL
538,2025-01-29T08:41:29.852Z,0,1,ALL
383,2025-01-29T08:41:29.852Z,0,1,ALL
212,2025-01-29T08:41:29.852Z,0,1,ALL
925,2025-01-29T08:41:29.852Z,0,1,ALL
612,2025-01-29T08:41:29.852Z,0,1,ALL
328,2025-01-29T08:41:29.852Z,0,1,ALL
962,2025-01-29T08:41:29.852Z,0,1,ALL
953,2025-01-29T08:41:29.852Z,0,1,ALL
740,2025-01-29T08:41:29.852Z,0,1,ALL
263,2025-01-29T08:41:29.852Z,0,1,ALL
616,2025-01-29T08:41:29.852Z,0,1,ALL
615,2025-01-29T08:41:29.852Z,0,1,ALL
144,2025-01-29T08:41:29.852Z,0,1,ALL
453,2025-01-29T08:41:29.852Z,0,1,ALL
7,2025-01-29T08:41:29.852Z,0,1,ALL
1001,2025-01-29T08:41:29.867Z,0,1,ALL
1002,2025-01-29T08:41:29.867Z,0,1,ALL
1003,2025-01-29T08:41:29.867Z,0,1,ALL
1004,2025-01-29T08:41:29.867Z,0,1,ALL
1005,2025-01-29T08:41:29.867Z,0,1,ALL